{
  "our_pipeline": {
    "rouge1": 0.21999251662122074,
    "rouge2": 0.047650667723457725,
    "rougeL": 0.12704111446251853
  },
  "baseline_extractive": {
    "rouge1": 0.48199488261260204,
    "rouge2": 0.4783074499300023,
    "rougeL": 0.48199488261260204
  },
  "baseline_template": {
    "rouge1": 0.0317928053985219,
    "rouge2": 0.0,
    "rougeL": 0.0317928053985219
  },
  "num_samples": 5
}